Fund Name,P1,P2,P3,P4,P5,Topsis_Score,Rank
M1,0.84,0.71,6.7,42.1,12.59,0.604752494317456,2.0
M2,0.91,0.83,7.0,31.7,10.11,0.6090486109259254,1.0
M3,0.79,0.62,4.8,46.7,13.23,0.4802839285221321,6.0
M4,0.78,0.61,6.4,42.4,12.55,0.5691966389224077,4.0
M5,0.94,0.88,3.6,62.2,16.91,0.46643600420169,7.0
M6,0.88,0.77,6.5,51.5,14.91,0.5860604586070768,3.0
M7,0.66,0.44,5.3,48.9,13.83,0.45600799955938653,8.0
M8,0.93,0.86,3.4,37.0,10.55,0.4861564505346085,5.0
